Boiler pressure (MPa),Boiler temperature (C),Condenser pressure (MPa),Condenser temperature (C),Power out (Watts per unit mass flow rate (kg/s),efficiency
0.5,62.74076704545455,0.1225,19.956427015250544,25.261944499087775,0.11272485075072304
0.5208333333333334,64.21132675065259,0.1225,19.956427015250544,26.02872225492024,0.11561737237343984
0.5416666666666666,65.63000794461468,0.1225,19.956427015250544,26.762272514546027,0.11835890425860922
0.5625,67.00620712185561,0.1225,19.956427015250544,27.48851676562009,0.12106026822191573
0.5833333333333334,68.3526706386537,0.1225,19.956427015250544,28.197379248231442,0.12367497468417549
0.6041666666666666,69.65924532246262,0.1225,19.956427015250544,28.866199559986683,0.1261113985956801
0.625,60.55214723926381,0.1225,19.956427015250544,24.069034811671344,0.10815067302028386
0.6458333333333333,72.17627184091128,0.1225,19.956427015250544,30.132658491862003,0.1306686395235638
0.6666666666666666,73.38295202239598,0.1225,19.956427015250544,30.73805393471966,0.1328229700526234
0.6875,74.56697298802561,0.1225,19.956427015250544,31.323716554795055,0.1348861129054898
0.7083333333333333,75.72728116587766,0.1225,19.956427015250544,31.88872884690315,0.13685590237008693
0.7291666666666666,76.85405501964988,0.1225,19.956427015250544,32.44130403769657,0.13877785464217457
0.75,77.97052518756699,0.1225,19.956427015250544,32.99005783090959,0.1406769185480021
0.7708333333333333,79.04661162710698,0.1225,19.956427015250544,33.513624034599445,0.14247644325113148
0.7916666666666666,80.11710144927537,0.1225,19.956427015250544,34.03313441512725,0.14425098535481787
0.8125,81.15229813664597,0.1225,19.956427015250544,34.5262011572305,0.14592329906019677
0.8333333333333333,82.18071519795657,0.1225,19.956427015250544,35.016019624158986,0.14757516851854624
0.8541666666666666,83.17848020434228,0.1225,19.956427015250544,35.491151984776195,0.14916859194469967
0.875,84.16989843028624,0.1225,19.956427015250544,35.961544472232475,0.1507371573572572
0.8958333333333333,85.13173284087411,0.1225,19.956427015250544,36.40984331178407,0.15222227863068227
0.9166666666666666,86.09025458324055,0.1225,19.956427015250544,36.85613682937114,0.15369304835733286
0.9375,87.01803607214428,0.1225,19.956427015250544,37.28382175069993,0.1550943863407096
0.9583333333333333,87.94581756104802,0.1225,19.956427015250544,37.71150667202872,0.15648885257622
0.9791666666666666,88.84282133906194,0.1225,19.956427015250544,38.12883147124634,0.1578519901577949
1.0,89.73791621911923,0.1225,19.956427015250544,38.545513714037554,0.15920728422442418
0.5,62.74076704545455,0.13822916666666665,23.111808236808233,23.156251758931063,0.10527689620922684
0.5208333333333334,64.21132675065259,0.13822916666666665,23.111808236808233,23.920586258930683,0.10824705095980149
0.5416666666666666,65.63000794461468,0.13822916666666665,23.111808236808233,24.65179050319506,0.11106171636839869
0.5625,67.00620712185561,0.13822916666666665,23.111808236808233,25.375925535266788,0.11383491927472837
0.5833333333333334,68.3526706386537,0.13822916666666665,23.111808236808233,26.082732595955378,0.11651876351891342
0.6041666666666666,69.65924532246262,0.13822916666666665,23.111808236808233,26.749417023473683,0.11901907388333019
0.625,60.55214723926381,0.13822916666666665,23.111808236808233,21.96904535856649,0.10058819496349083
0.6458333333333333,72.17627184091128,0.13822916666666665,23.111808236808233,28.011784358413195,0.12369485596755082
0.6666666666666666,73.38295202239598,0.13822916666666665,23.111808236808233,28.615231158114398,0.12590481565752681
0.6875,74.56697298802561,0.13822916666666665,23.111808236808233,29.198899046575917,0.12802086019771092
0.7083333333333333,75.72728116587766,0.13822916666666665,23.111808236808233,29.7618683756655,0.13004079371730606
0.7291666666666666,76.85405501964988,0.13822916666666665,23.111808236808233,30.31260210036882,0.13201163205166871
0.75,77.97052518756699,0.13822916666666665,23.111808236808233,30.859576339014097,0.13395883260016725
0.7708333333333333,79.04661162710698,0.13822916666666665,23.111808236808233,31.381438682921726,0.13580378916192878
0.7916666666666666,80.11710144927537,0.13822916666666665,23.111808236808233,31.899255693901097,0.13762293334974324
0.8125,81.15229813664597,0.13822916666666665,23.111808236808233,32.39069521949281,0.13933711088319445
0.8333333333333333,82.18071519795657,0.13822916666666665,23.111808236808233,32.87889917756118,0.14103016372448085
0.8541666666666666,83.17848020434228,0.13822916666666665,23.111808236808233,33.352474483169544,0.14266318149395688
0.875,84.16989843028624,0.13822916666666665,23.111808236808233,33.8213218119476,0.14427056720502726
0.8958333333333333,85.13173284087411,0.13822916666666665,23.111808236808233,34.26813094437662,0.14579231083713934
0.9166666666666666,86.09025458324055,0.13822916666666665,23.111808236808233,34.712940964067315,0.14729921094102355
0.9375,87.01803607214428,0.13822916666666665,23.111808236808233,35.13920000666954,0.14873486804933994
0.9583333333333333,87.94581756104802,0.13822916666666665,23.111808236808233,35.56545904927174,0.15016335826027824
0.9791666666666666,88.84282133906194,0.13822916666666665,23.111808236808233,35.98154730700952,0.1515598525576785
1.0,89.73791621911923,0.13822916666666665,23.111808236808233,36.39700475141254,0.15294820893359978
0.5,62.74076704545455,0.15395833333333334,26.02205040091638,21.236888625181194,0.09826880370769044
0.5208333333333334,64.21132675065259,0.15395833333333334,26.02205040091638,21.998932419662168,0.10131399638380166
0.5416666666666666,65.63000794461468,0.15395833333333334,26.02205040091638,22.72793582919192,0.10419932627456775
0.5625,67.00620712185561,0.15395833333333334,26.02205040091638,23.4500888765011,0.10704190848216516
0.5833333333333334,68.3526706386537,0.15395833333333334,26.02205040091638,24.1549636723191,0.10979250281566419
0.6041666666666666,69.65924532246262,0.15395833333333334,26.02205040091638,24.819641470752345,0.11235448393335838
0.625,60.55214723926381,0.15395833333333334,26.02205040091638,20.054757550651573,0.09346842830650078
0.6458333333333333,72.17627184091128,0.15395833333333334,26.02205040091638,26.07816206417027,0.11714464656592304
0.6666666666666666,73.38295202239598,0.15395833333333334,26.02205040091638,26.679775285188896,0.11940825926157081
0.6875,74.56697298802561,0.15395833333333334,26.02205040091638,27.261566999475065,0.12157531791064874
0.7083333333333333,75.72728116587766,0.15395833333333334,26.02205040091638,27.822615578359404,0.12364359901675498
0.7291666666666666,76.85405501964988,0.15395833333333334,26.02205040091638,28.371614778681902,0.1256615512810464
0.75,77.97052518756699,0.15395833333333334,26.02205040091638,28.9169117123013,0.1276551307689699
0.7708333333333333,79.04661162710698,0.15395833333333334,26.02205040091638,29.437166709191644,0.12954384742492595
0.7916666666666666,80.11710144927537,0.15395833333333334,26.02205040091638,29.95338606835088,0.13140594367112116
0.8125,81.15229813664597,0.15395833333333334,26.02205040091638,30.44328908153483,0.13316042486871013
0.8333333333333333,82.18071519795657,0.15395833333333334,26.02205040091638,30.92996827175591,0.134893118463363
0.8541666666666666,83.17848020434228,0.15395833333333334,26.02205040091638,31.40207190904016,0.13656423743416687
0.875,84.16989843028624,0.15395833333333334,26.02205040091638,31.869458564222384,0.1382089723211009
0.8958333333333333,85.13173284087411,0.15395833333333334,26.02205040091638,32.31485827203372,0.13976594087051367
0.9166666666666666,86.09025458324055,0.15395833333333334,26.02205040091638,32.75826460574652,0.14130758667725216
0.9375,87.01803607214428,0.15395833333333334,26.02205040091638,33.18317321468308,0.14277623862008545
0.9583333333333333,87.94581756104802,0.15395833333333334,26.02205040091638,33.608081823619585,0.14423743489319182
0.9791666666666666,88.84282133906194,0.15395833333333334,26.02205040091638,34.022994635395634,0.1456659800425762
1.0,89.73791621911923,0.15395833333333334,26.02205040091638,34.43728748694008,0.147086099214035
0.5,62.74076704545455,0.1696875,28.68465909090909,19.502994368966057,0.09174687059929029
0.5208333333333334,64.21132675065259,0.1696875,28.68465909090909,20.2628551165445,0.09486349276521822
0.5416666666666666,65.63000794461468,0.1696875,28.68465909090909,20.98975975607334,0.09781606269796703
0.5625,67.00620712185561,0.1696875,28.68465909090909,21.710019261339824,0.10072465135317718
0.5833333333333334,68.3526706386537,0.1696875,28.68465909090909,22.413047140260943,0.10353873005450735
0.6041666666666666,69.65924532246262,0.1696875,28.68465909090909,23.075808286280562,0.1061593323452149
0.625,60.55214723926381,0.1696875,28.68465909090909,18.325413174546327,0.08683925317511577
0.6458333333333333,72.17627184091128,0.1696875,28.68465909090909,24.33065172692139,0.11105816214419223
0.6666666666666666,73.38295202239598,0.1696875,28.68465909090909,24.930510574645893,0.11337272379501252
0.6875,74.56697298802561,0.1696875,28.68465909090909,25.51050797144279,0.11558820427734254
0.7083333333333333,75.72728116587766,0.1696875,28.68465909090909,26.069720431381228,0.11770235487337154
0.7291666666666666,76.85405501964988,0.1696875,28.68465909090909,26.6170581472133,0.11976500202759412
0.75,77.97052518756699,0.1696875,28.68465909090909,27.160747254157627,0.1218025714687461
0.7708333333333333,79.04661162710698,0.1696875,28.68465909090909,27.679460027942042,0.12373277950813347
0.7916666666666666,80.11710144927537,0.1696875,28.68465909090909,28.194146255728185,0.12563559159484067
0.8125,81.15229813664597,0.1696875,28.68465909090909,28.68257347141349,0.12742826326866386
0.8333333333333333,82.18071519795657,0.1696875,28.68465909090909,29.16778787767234,0.1291985112877173
0.8541666666666666,83.17848020434228,0.1696875,28.68465909090909,29.63847652541125,0.13090571630771308
0.875,84.16989843028624,0.1696875,28.68465909090909,30.10445850142463,0.13258581707830597
0.8958333333333333,85.13173284087411,0.1696875,28.68465909090909,30.548501589123447,0.13417612745919283
0.9166666666666666,86.09025458324055,0.1696875,28.68465909090909,30.99055668416986,0.13575065521092702
0.9375,87.01803607214428,0.1696875,28.68465909090909,31.414163992135798,0.13725052163250542
0.9583333333333333,87.94581756104802,0.1696875,28.68465909090909,31.837771300101764,0.13874265404653388
0.9791666666666666,88.84282133906194,0.1696875,28.68465909090909,32.25154690674336,0.14020151763278477
1.0,89.73791621911923,0.1696875,28.68465909090909,32.66471273072011,0.141651678508523
0.5,62.74076704545455,0.18541666666666667,31.17153097798259,17.91607964789199,0.0856167962804384
0.5208333333333334,64.21132675065259,0.18541666666666667,31.17153097798259,18.67392912510695,0.08880282685781403
0.5416666666666666,65.63000794461468,0.18541666666666667,31.17153097798259,19.398899580942384,0.09182071567422015
0.5625,67.00620712185561,0.18541666666666667,31.17153097798259,20.117412621091262,0.09479338528939106
0.5833333333333334,68.3526706386537,0.18541666666666667,31.17153097798259,20.818736682134983,0.09766907948831256
0.6041666666666666,69.65924532246262,0.18541666666666667,31.17153097798259,21.479730224368012,0.1003465809873926
0.625,60.55214723926381,0.18541666666666667,31.17153097798259,16.742573309031883,0.08060440915642246
0.6458333333333333,72.17627184091128,0.18541666666666667,31.17153097798259,22.7311812871003,0.10535085027013624
0.6666666666666666,73.38295202239598,0.18541666666666667,31.17153097798259,23.329420965030693,0.10771482876515383
0.6875,74.56697298802561,0.18541666666666667,31.17153097798259,23.90776265574698,0.10997727443782639
0.7083333333333333,75.72728116587766,0.18541666666666667,31.17153097798259,24.465281174512768,0.11213591561865359
0.7291666666666666,76.85405501964988,0.18541666666666667,31.17153097798259,25.011084684383633,0.11424188976295847
0.75,77.97052518756699,0.18541666666666667,31.17153097798259,25.553288665271538,0.11632208982728916
0.7708333333333333,79.04661162710698,0.18541666666666667,31.17153097798259,26.070576319485355,0.11829249842889945
0.7916666666666666,80.11710144927537,0.18541666666666667,31.17153097798259,26.58384574375671,0.120234752542876
0.8125,81.15229813664597,0.18541666666666667,31.17153097798259,27.07090859826178,0.12206441326467196
0.8333333333333333,82.18071519795657,0.18541666666666667,31.17153097798259,27.55476871723772,0.12387102774892193
0.8541666666666666,83.17848020434228,0.18541666666666667,31.17153097798259,28.02414862381272,0.12561316958895377
0.875,84.16989843028624,0.18541666666666667,31.17153097798259,28.488831289391015,0.12732750438951249
0.8958333333333333,85.13173284087411,0.18541666666666667,31.17153097798259,28.931619025468507,0.12895008414514209
0.9166666666666666,86.09025458324055,0.18541666666666667,31.17153097798259,29.37242369121222,0.1305564312374375
0.9375,87.01803607214428,0.18541666666666667,31.17153097798259,29.794826247049315,0.13208649769793301
0.9583333333333333,87.94581756104802,0.18541666666666667,31.17153097798259,30.21722880288644,0.13360855656161377
0.9791666666666666,88.84282133906194,0.18541666666666667,31.17153097798259,30.629949753112044,0.13509673106267484
1.0,89.73791621911923,0.18541666666666667,31.17153097798259,31.0420702299225,0.13657593047080285
0.5,62.74076704545455,0.20114583333333333,33.50339393939394,16.454902505216552,0.07982475029661361
0.5208333333333334,64.21132675065259,0.20114583333333333,33.50339393939394,17.210864677340027,0.08307830707565128
0.5416666666666666,65.63000794461468,0.20114583333333333,33.50339393939394,17.934019633715735,0.08615972451815043
0.5625,67.00620712185561,0.20114583333333333,33.50339393939394,18.65089203279345,0.0891946915089873
0.5833333333333334,68.3526706386537,0.20114583333333333,33.50339393939394,19.35061517833728,0.09213026973747764
0.6041666666666666,69.65924532246262,0.20114583333333333,33.50339393939394,20.009948388993763,0.09486306442942145
0.625,60.55214723926381,0.20114583333333333,33.50339393939394,15.28510892786241,0.07470995150833643
0.6458333333333333,72.17627184091128,0.20114583333333333,33.50339393939394,21.258211833291256,0.09996975905333687
0.6666666666666666,73.38295202239598,0.20114583333333333,33.50339393939394,21.854929444750837,0.10238172343318203
0.6875,74.56697298802561,0.20114583333333333,33.50339393939394,22.431715035730747,0.10468976780189108
0.7083333333333333,75.72728116587766,0.20114583333333333,33.50339393939394,22.98764183907025,0.10689159947020867
0.7291666666666666,76.85405501964988,0.20114583333333333,33.50339393939394,23.532002425617634,0.10903961883708636
0.75,77.97052518756699,0.20114583333333333,33.50339393939394,24.072809200730603,0.11116117812136199
0.7708333333333333,79.04661162710698,0.20114583333333333,33.50339393939394,24.588755544742696,0.1131705792539598
0.7916666666666666,80.11710144927537,0.20114583333333333,33.50339393939394,25.100691405153555,0.11515108296340758
0.8125,81.15229813664597,0.20114583333333333,33.50339393939394,25.58646954542337,0.1170166066384026
0.8333333333333333,82.18071519795657,0.20114583333333333,33.50339393939394,26.069054333920974,0.11885847406621196
0.8541666666666666,83.17848020434228,0.20114583333333333,33.50339393939394,26.537201335871885,0.12063447569516149
0.875,84.16989843028624,0.20114583333333333,33.50339393939394,27.000659881476565,0.12238198343589583
0.8958333333333333,85.13173284087411,0.20114583333333333,33.50339393939394,27.44226444487242,0.124035825944445
0.9166666666666666,86.09025458324055,0.20114583333333333,33.50339393939394,27.88189052303582,0.12567299486539474
0.9375,87.01803607214428,0.20114583333333333,33.50339393939394,28.30315703922369,0.12723230854590376
0.9583333333333333,87.94581756104802,0.20114583333333333,33.50339393939394,28.724423555411562,0.12878334541973618
0.9791666666666666,88.84282133906194,0.20114583333333333,33.50339393939394,29.136148278973195,0.1302998920299384
1.0,89.73791621911923,0.20114583333333333,33.50339393939394,29.54728120061324,0.13180719561749563
0.5,62.74076704545455,0.21687499999999998,35.697450034458996,15.094539825181073,0.0742869191655401
0.5208333333333334,64.21132675065259,0.21687499999999998,35.697450034458996,15.848647824334023,0.07760610991724341
0.5416666666666666,65.63000794461468,0.21687499999999998,35.697450034458996,16.570018505576144,0.08074925471743338
0.5625,67.00620712185561,0.21687499999999998,35.697450034458996,17.28527684211869,0.08384475189705635
0.5833333333333334,68.3526706386537,0.21687499999999998,35.697450034458996,17.983424595234936,0.08683849894866727
0.6041666666666666,69.65924532246262,0.21687499999999998,35.697450034458996,18.641124576005524,0.08962497064558046
0.625,60.55214723926381,0.21687499999999998,35.697450034458996,13.928258296756695,0.06907212995620106
0.6458333333333333,72.17627184091128,0.21687499999999998,35.697450034458996,19.886251070400874,0.0948310503012537
0.6666666666666666,73.38295202239598,0.21687499999999998,35.697450034458996,20.481470043532283,0.0972895576436519
0.6875,74.56697298802561,0.21687499999999998,35.697450034458996,21.056723867143774,0.09964180885342933
0.7083333333333333,75.72728116587766,0.21687499999999998,35.697450034458996,21.611084233693703,0.10188549161482452
0.7291666666666666,76.85405501964988,0.21687499999999998,35.697450034458996,22.154023222315857,0.10407425507289693
0.75,77.97052518756699,0.21687499999999998,35.697450034458996,22.69345290238843,0.10623588916074785
0.7708333333333333,79.04661162710698,0.21687499999999998,35.697450034458996,23.208076561851016,0.10828306087210746
0.7916666666666666,80.11710144927537,0.21687499999999998,35.697450034458996,23.718697278241876,0.11030060776110136
0.8125,81.15229813664597,0.21687499999999998,35.697450034458996,24.203207826237616,0.11220085168092889
0.8333333333333333,82.18071519795657,0.21687499999999998,35.697450034458996,24.684534156902117,0.11407684242229801
0.8541666666666666,83.17848020434228,0.21687499999999998,35.697450034458996,25.15146399966727,0.11588561182584928
0.875,84.16989843028624,0.21687499999999998,35.697450034458996,25.61371393733816,0.11766521618869956
0.8958333333333333,85.13173284087411,0.21687499999999998,35.697450034458996,26.054149752168826,0.11934929740274623
0.9166666666666666,86.09025458324055,0.21687499999999998,35.697450034458996,26.49261154504751,0.12101627339442698
0.9375,87.01803607214428,0.21687499999999998,35.697450034458996,26.912755193431167,0.12260386368420913
0.9583333333333333,87.94581756104802,0.21687499999999998,35.697450034458996,27.332898841814796,0.12418291257892701
0.9791666666666666,88.84282133906194,0.21687499999999998,35.697450034458996,27.74363679588393,0.12572689314952606
1.0,89.73791621911923,0.21687499999999998,35.697450034458996,28.153791389133374,0.12726136846289404
0.5,62.74076704545455,0.23260416666666667,37.7703291911925,13.8505635583534,0.0691182436133404
0.5208333333333334,64.21132675065259,0.23260416666666667,37.7703291911925,14.603012286064512,0.07250169384698468
0.5416666666666666,65.63000794461468,0.23260416666666667,37.7703291911925,15.322786124140919,0.07570525849698027
0.5625,67.00620712185561,0.23260416666666667,37.7703291911925,16.036599640520762,0.07885995447668064
0.5833333333333334,68.3526706386537,0.23260416666666667,37.7703291911925,16.733337111140372,0.08191057594501411
0.6041666666666666,69.65924532246262,0.23260416666666667,37.7703291911925,17.38957515269675,0.08474954783298592
0.625,60.55214723926381,0.23260416666666667,37.7703291911925,12.687399310714795,0.06380526368162509
0.6458333333333333,72.17627184091128,0.23260416666666667,37.7703291911925,18.63189343859375,0.09005280803188477
0.6666666666666666,73.38295202239598,0.23260416666666667,37.7703291911925,19.225770681079496,0.0925568100267789
0.6875,74.56697298802561,0.23260416666666667,37.7703291911925,19.79965318530614,0.09495227985396236
0.7083333333333333,75.72728116587766,0.23260416666666667,37.7703291911925,20.35261126796226,0.09723688768569018
0.7291666666666666,76.85405501964988,0.23260416666666667,37.7703291911925,20.89427733349791,0.09946546284060699
0.75,77.97052518756699,0.23260416666666667,37.7703291911925,21.432473837613344,0.10166624002796752
0.7708333333333333,79.04661162710698,0.23260416666666667,37.7703291911925,21.94591291708818,0.10375029844838124
0.7916666666666666,80.11710144927537,0.23260416666666667,37.7703291911925,22.455355788209914,0.10580401559466436
0.8125,81.15229813664597,0.23260416666666667,37.7703291911925,22.938730961113777,0.10773815878746457
0.8333333333333333,82.18071519795657,0.23260416666666667,37.7703291911925,23.41893007498453,0.10964746012923475
0.8541666666666666,83.17848020434228,0.23260416666666667,37.7703291911925,23.88476958626552,0.11148821048771178
0.875,84.16989843028624,0.23260416666666667,37.7703291911925,24.3459368298835,0.11329913628618098
0.8958333333333333,85.13173284087411,0.23260416666666667,37.7703291911925,24.78532555049918,0.1150127238840161
0.9166666666666666,86.09025458324055,0.23260416666666667,37.7703291911925,25.222744235479468,0.11670878076077139
0.9375,87.01803607214428,0.23260416666666667,37.7703291911925,25.641881767408364,0.11832395546270846
0.9583333333333333,87.94581756104802,0.23260416666666667,37.7703291911925,26.06101929933729,0.11993032672738325
0.9791666666666666,88.84282133906194,0.23260416666666667,37.7703291911925,26.470872691256517,0.12150104121915958
1.0,89.73791621911923,0.23260416666666667,37.7703291911925,26.88015026140809,0.12306198993430227
0.5,62.74076704545455,0.24833333333333332,39.73581780538302,12.651638796175178,0.06398489272916925
0.5208333333333334,64.21132675065259,0.24833333333333332,39.73581780538302,13.402405394695307,0.06743166178759478
0.5416666666666666,65.63000794461468,0.24833333333333332,39.73581780538302,14.120559857342357,0.0706947473279982
0.5625,67.00620712185561,0.24833333333333332,39.73581780538302,14.832906813906249,0.07390776238746309
0.5833333333333334,68.3526706386537,0.24833333333333332,39.73581780538302,15.528212442447,0.07701440198345762
0.6041666666666666,69.65924532246262,0.24833333333333332,39.73581780538302,16.182966715881463,0.07990506008095208
0.625,60.55214723926381,0.24833333333333332,39.73581780538302,11.491522841753635,0.0585748233830817
0.6458333333333333,72.17627184091128,0.24833333333333332,39.73581780538302,17.42243373853941,0.08530396226570991
0.6666666666666666,73.38295202239598,0.24833333333333332,39.73581780538302,18.01494804820959,0.08785272619986731
0.6875,74.56697298802561,0.24833333333333332,39.73581780538302,18.587437876613166,0.09029070383587338
0.7083333333333333,75.72728116587766,0.24833333333333332,39.73581780538302,19.138972157496028,0.0926155486029562
0.7291666666666666,76.85405501964988,0.24833333333333332,39.73581780538302,19.679344456520965,0.09488326907845258
0.75,77.97052518756699,0.24833333333333332,39.73581780538302,20.216287148486856,0.0971225316591277
0.7708333333333333,79.04661162710698,0.24833333333333332,39.73581780538302,20.728521265148885,0.09924284945919842
0.7916666666666666,80.11710144927537,0.24833333333333332,39.73581780538302,21.236765943289697,0.1013321166531244
0.8125,81.15229813664597,0.24833333333333332,39.73581780538302,21.718985614818706,0.10329956982762675
0.8333333333333333,82.18071519795657,0.24833333333333332,39.73581780538302,22.19803742814821,0.10524159861614368
0.8541666666666666,83.17848020434228,0.24833333333333332,39.73581780538302,22.662766716508514,0.10711376541579821
0.875,84.16989843028624,0.24833333333333332,39.73581780538302,23.12283141445664,0.10895545555967409
0.8958333333333333,85.13173284087411,0.24833333333333332,39.73581780538302,23.561153374849283,0.11069801801099019
0.9166666666666666,86.09025458324055,0.24833333333333332,39.73581780538302,23.99750930670669,0.11242262861172815
0.9375,87.01803607214428,0.24833333333333332,39.73581780538302,24.415621269820747,0.11406488243554325
0.9583333333333333,87.94581756104802,0.24833333333333332,39.73581780538302,24.83373323293469,0.11569807287373027
0.9791666666666666,88.84282133906194,0.24833333333333332,39.73581780538302,25.242683244098146,0.11729503512171514
1.0,89.73791621911923,0.24833333333333332,39.73581780538302,25.651065011852637,0.11888197393000788
0.5,62.74076704545455,0.2640625,41.60501474926254,11.53654665726117,0.05910423979851151
0.5208333333333334,64.21132675065259,0.2640625,41.60501474926254,12.285741878917378,0.06261310997152912
0.5416666666666666,65.63000794461468,0.2640625,41.60501474926254,13.002383408069193,0.06593455719303758
0.5625,67.00620712185561,0.2640625,41.60501474926254,13.713359750243228,0.0692047273943158
0.5833333333333334,68.3526706386537,0.2640625,41.60501474926254,14.407327097459842,0.07236625374054023
0.6041666666666666,69.65924532246262,0.2640625,41.60501474926254,15.060694730192438,0.07530755469845295
0.625,60.55214723926381,0.2640625,41.60501474926254,10.37924088412504,0.05359872109823609
0.6458333333333333,72.17627184091128,0.2640625,41.60501474926254,16.29749675796006,0.08080014042047688
0.6666666666666666,73.38295202239598,0.2640625,41.60501474926254,16.8887369623709,0.08339273539724687
0.6875,74.56697298802561,0.2640625,41.60501474926254,17.45992498547767,0.08587233501525508
0.7083333333333333,75.72728116587766,0.2640625,41.60501474926254,18.010128473074246,0.08823657750808109
0.7291666666666666,76.85405501964988,0.2640625,41.60501474926254,18.54929108229058,0.09054261042702626
0.75,77.97052518756699,0.2640625,41.60501474926254,19.085061294447712,0.09281952996976646
0.7708333333333333,79.04661162710698,0.2640625,41.60501474926254,19.596168425303517,0.0949753204474157
0.7916666666666666,80.11710144927537,0.2640625,41.60501474926254,20.103292422467717,0.09709936065517961
0.8125,81.15229813664597,0.2640625,41.60501474926254,20.584431172250618,0.09909939110777176
0.8333333333333333,82.18071519795657,0.2640625,41.60501474926254,21.062409701373582,0.10107342227380049
0.8541666666666666,83.17848020434228,0.2640625,41.60501474926254,21.526100236382376,0.1029763040159347
0.875,84.16989843028624,0.2640625,41.60501474926254,21.9851333308994,0.10484806717125565
0.8958333333333333,85.13173284087411,0.2640625,41.60501474926254,22.422457015298136,0.10661894970139389
0.9166666666666666,86.09025458324055,0.2640625,41.60501474926254,22.857818403024453,0.10837146481638768
0.9375,87.01803607214428,0.2640625,41.60501474926254,23.274970452221822,0.11004017825938786
0.9583333333333333,87.94581756104802,0.2640625,41.60501474926254,23.692122501419135,0.11169957080164578
0.9791666666666666,88.84282133906194,0.2640625,41.60501474926254,24.100226393944098,0.11332216548049116
1.0,89.73791621911923,0.2640625,41.60501474926254,24.507769100881177,0.1149344813530529
0.5,62.74076704545455,0.27979166666666666,43.39041736851956,10.500577191541538,0.0544778039243652
0.5208333333333334,64.21132675065259,0.27979166666666666,43.39041736851956,11.248296879279678,0.05804774138642045
0.5416666666666666,65.63000794461468,0.27979166666666666,43.39041736851956,11.963517605912216,0.061426562562368434
0.5625,67.00620712185561,0.27979166666666666,43.39041736851956,12.673206425423018,0.06475289716097482
0.5833333333333334,68.3526706386537,0.27979166666666666,43.39041736851956,13.365916529441051,0.06796834442855237
0.6041666666666666,69.65924532246262,0.27979166666666666,43.39041736851956,14.017981631092823,0.07095939111606711
0.625,60.55214723926381,0.27979166666666666,43.39041736851956,9.345879345457604,0.0488782203859125
0.6458333333333333,72.17627184091128,0.27979166666666666,43.39041736851956,15.252280005507316,0.07654396870389364
0.6666666666666666,73.38295202239598,0.27979166666666666,43.39041736851956,15.842323066708616,0.07917958777458019
0.6875,74.56697298802561,0.27979166666666666,43.39041736851956,16.412288005907328,0.0817000374351677
0.7083333333333333,75.72728116587766,0.27979166666666666,43.39041736851956,16.96124126274833,0.08410294217221809
0.7291666666666666,76.85405501964988,0.27979166666666666,43.39041736851956,17.499267052925802,0.08644655942233599
0.75,77.97052518756699,0.27979166666666666,43.39041736851956,18.03393529268942,0.08876041135844531
0.7708333333333333,79.04661162710698,0.27979166666666666,43.39041736851956,18.543983055650244,0.09095098487251548
0.7916666666666666,80.11710144927537,0.27979166666666666,43.39041736851956,19.050053589304355,0.09310911567530518
0.8125,81.15229813664597,0.27979166666666666,43.39041736851956,19.530176109541515,0.09514107819988697
0.8333333333333333,82.18071519795657,0.27979166666666666,43.39041736851956,20.007145561568166,0.09714647227998051
0.8541666666666666,83.17848020434228,0.27979166666666666,43.39041736851956,20.46985935714423,0.09907944941656978
0.875,84.16989843028624,0.27979166666666666,43.39041736851956,20.927922408029247,0.10098067400227875
0.8958333333333333,85.13173284087411,0.27979166666666666,43.39041736851956,21.364307259475822,0.102779295967746
0.9166666666666666,86.09025458324055,0.27979166666666666,43.39041736851956,21.79873330908748,0.10455913908919877
0.9375,87.01803607214428,0.27979166666666666,43.39041736851956,22.214982450882644,0.10625376102463993
0.9583333333333333,87.94581756104802,0.27979166666666666,43.39041736851956,22.631231592677636,0.10793880602671292
0.9791666666666666,88.84282133906194,0.27979166666666666,43.39041736851956,23.038539145490233,0.10958648777404621
1.0,89.73791621911923,0.27979166666666666,43.39041736851956,23.4452921222657,0.1112236369709805
0.5,62.74076704545455,0.29552083333333334,45.10051638176638,9.522470130056945,0.05001074668410613
0.5208333333333334,64.21132675065259,0.29552083333333334,45.10051638176638,10.268760790863155,0.053640823620530104
0.5416666666666666,65.63000794461468,0.29552083333333334,45.10051638176638,10.982605310634426,0.057076132343515884
0.5625,67.00620712185561,0.29552083333333334,45.10051638176638,11.691046548744225,0.060457750962303436
0.5833333333333334,68.3526706386537,0.29552083333333334,45.10051638176638,12.382538293407265,0.06372626144789946
0.6041666666666666,69.65924532246262,0.29552083333333334,45.10051638176638,13.033341329364077,0.06676624996855193
0.625,60.55214723926381,0.29552083333333334,45.10051638176638,8.370259007645416,0.04431834577652037
0.6458333333333333,72.17627184091128,0.29552083333333334,45.10051638176638,14.2652134398013,0.07244130253899073
0.6666666666666666,73.38295202239598,0.29552083333333334,45.10051638176638,14.854096142826506,0.07511922279235457
0.6875,74.56697298802561,0.29552083333333334,45.10051638176638,15.422875689051011,0.07767982711569117
0.7083333333333333,75.72728116587766,0.29552083333333334,45.10051638176638,15.970617354091644,0.08012072735071844
0.7291666666666666,76.85405501964988,0.29552083333333334,45.10051638176638,16.50754100362451,0.08250127495347023
0.75,77.97052518756699,0.29552083333333334,45.10051638176638,17.041140732475355,0.08485141064227748
0.7708333333333333,79.04661162710698,0.29552083333333334,45.10051638176638,17.55016110118862,0.08707614958602565
0.7916666666666666,80.11710144927537,0.29552083333333334,45.10051638176638,18.055209938787357,0.08926776005224489
0.8125,81.15229813664597,0.29552083333333334,45.10051638176638,18.53434669665006,0.09133107621379274
0.8333333333333333,82.18071519795657,0.29552083333333334,45.10051638176638,19.01033728897397,0.09336726026812285
0.8541666666666666,83.17848020434228,0.29552083333333334,45.10051638176638,19.472103433215807,0.09532977808064946
0.875,84.16989843028624,0.29552083333333334,45.10051638176638,19.929225294736852,0.09725991660042195
0.8958333333333333,85.13173284087411,0.29552083333333334,45.10051638176638,20.36469907756066,0.09908575747442908
0.9166666666666666,86.09025458324055,0.29552083333333334,45.10051638176638,20.798217431340447,0.1008924120029464
0.9375,87.01803607214428,0.29552083333333334,45.10051638176638,21.21359017547161,0.10261244832663972
0.9583333333333333,87.94581756104802,0.29552083333333334,45.10051638176638,21.628962919602714,0.1043226532637197
0.9791666666666666,88.84282133906194,0.29552083333333334,45.10051638176638,22.035496920887113,0.10599493881893222
1.0,89.73791621911923,0.29552083333333334,45.10051638176638,22.441482724866773,0.10765644005612042
0.5,62.74076704545455,0.31124999999999997,46.74439918533605,8.587769742918113,0.04564220312359646
0.5208333333333334,64.21132675065259,0.31124999999999997,46.74439918533605,9.332679342468055,0.049331937763687744
0.5416666666666666,65.63000794461468,0.31124999999999997,46.74439918533605,10.045193701572941,0.05282326993740655
0.5625,67.00620712185561,0.31124999999999997,46.74439918533605,10.752428730228814,0.056259699413015486
0.5833333333333334,68.3526706386537,0.31124999999999997,46.74439918533605,11.442742425555423,0.059580808557643146
0.6041666666666666,69.65924532246262,0.31124999999999997,46.74439918533605,12.092325294123384,0.06266930807374597
0.625,60.55214723926381,0.31124999999999997,46.74439918533605,7.437931185796685,0.03985757809954933
0.6458333333333333,72.17627184091128,0.31124999999999997,46.74439918533605,13.32185138069542,0.06843401685003431
0.6666666666666666,73.38295202239598,0.31124999999999997,46.74439918533605,13.909611927800654,0.07115384445051937
0.6875,74.56697298802561,0.31124999999999997,46.74439918533605,14.477245193071496,0.07375422669013194
0.7083333333333333,75.72728116587766,0.31124999999999997,46.74439918533605,15.023815330397383,0.0762327637749206
0.7291666666666666,76.85405501964988,0.31124999999999997,46.74439918533605,15.559672925917539,0.07864988255207492
0.75,77.97052518756699,0.31124999999999997,46.74439918533605,16.09223900838333,0.08103594236785042
0.7708333333333333,79.04661162710698,0.31124999999999997,46.74439918533605,16.600265353197926,0.0832945032688445
0.7916666666666666,80.11710144927537,0.31124999999999997,46.74439918533605,17.10432565801767,0.08551925240094158
0.8125,81.15229813664597,0.31124999999999997,46.74439918533605,17.582508510953005,0.08761359903994825
0.8333333333333333,82.18071519795657,0.31124999999999997,46.74439918533605,18.05755185017796,0.08968025178888168
0.8541666666666666,83.17848020434228,0.31124999999999997,46.74439918533605,18.518400815577877,0.09167199796331056
0.875,84.16989843028624,0.31124999999999997,46.74439918533605,18.974611725399143,0.09363074133847626
0.8958333333333333,85.13173284087411,0.31124999999999997,46.74439918533605,19.409203582677208,0.09548350715627678
0.9166666666666666,86.09025458324055,0.31124999999999997,46.74439918533605,19.841843261134784,0.09731668052656604
0.9375,87.01803607214428,0.31124999999999997,46.74439918533605,20.25636749073675,0.09906185095484761
0.9583333333333333,87.94581756104802,0.31124999999999997,46.74439918533605,20.670891720338716,0.10079693569651282
0.9791666666666666,88.84282133906194,0.31124999999999997,46.74439918533605,21.076676315802388,0.10249354433970516
1.0,89.73791621911923,0.31124999999999997,46.74439918533605,21.481918860890516,0.10417911706986445
0.5,62.74076704545455,0.32697916666666665,48.33017646106524,7.688527165271125,0.04134244190494015
0.5208333333333334,64.21132675065259,0.32697916666666665,48.33017646106524,8.432096468522104,0.045091674193762525
0.5416666666666666,65.63000794461468,0.32697916666666665,48.33017646106524,9.14331980156237,0.04863886856733319
0.5625,67.00620712185561,0.32697916666666665,48.33017646106524,9.84938378518558,0.05212993155410268
0.5833333333333334,68.3526706386537,0.32697916666666665,48.33017646106524,10.53855369362293,0.05550345922488101
0.6041666666666666,69.65924532246262,0.32697916666666665,48.33017646106524,11.186952006298554,0.05864030278254647
0.625,60.55214723926381,0.32697916666666665,48.33017646106524,6.540964355552148,0.03546570511552412
0.6458333333333333,72.17627184091128,0.32697916666666665,48.33017646106524,12.414200271201764,0.06449433843168202
0.6666666666666666,73.38295202239598,0.32697916666666665,48.33017646106524,13.000871134557713,0.06725590896892117
0.6875,74.56697298802561,0.32697916666666665,48.33017646106524,13.567391363774732,0.06989591111434655
0.7083333333333333,75.72728116587766,0.32697916666666665,48.33017646106524,14.112824026944281,0.07241193436718339
0.7291666666666666,76.85405501964988,0.32697916666666665,48.33017646106524,14.647646243667566,0.07486546681808186
0.75,77.97052518756699,0.32697916666666665,48.33017646106524,15.179208316941867,0.07728728931184528
0.7708333333333333,79.04661162710698,0.32697916666666665,48.33017646106524,15.686269005935344,0.07957951571216117
0.7916666666666666,80.11710144927537,0.32697916666666665,48.33017646106524,16.189368970172325,0.08183724603884082
0.8125,81.15229813664597,0.32697916666666665,48.33017646106524,16.666625001239595,0.08396247233397722
0.8333333333333333,82.18071519795657,0.32697916666666665,48.33017646106524,17.140747957365818,0.08605944194979691
0.8541666666666666,83.17848020434228,0.32697916666666665,48.33017646106524,17.600705650639895,0.08808026698499523
0.875,84.16989843028624,0.32697916666666665,48.33017646106524,18.056031316020892,0.09006746572888559
0.8958333333333333,85.13173284087411,0.32697916666666665,48.33017646106524,18.489766025299332,0.091947013161866
0.9166666666666666,86.09025458324055,0.32697916666666665,48.33017646106524,18.9215517018759,0.09380656137073126
0.9375,87.01803607214428,0.32697916666666665,48.33017646106524,19.33525112433375,0.0955767267429005
0.9583333333333333,87.94581756104802,0.32697916666666665,48.33017646106524,19.748950546791548,0.09733655101931926
0.9791666666666666,88.84282133906194,0.32697916666666665,48.33017646106524,20.15400626934894,0.09905733822310939
1.0,89.73791621911923,0.32697916666666665,48.33017646106524,20.55852589157263,0.10076683678970966
0.5,62.74076704545455,0.3427083333333333,49.85802169337866,6.824104123557277,0.03711637759016994
0.5208333333333334,64.21132675065259,0.3427083333333333,49.85802169337866,7.566337812367237,0.04092474000212972
0.5416666666666666,65.63000794461468,0.3427083333333333,49.85802169337866,8.27627445674591,0.04452743739702623
0.5625,67.00620712185561,0.3427083333333333,49.85802169337866,8.98117089393537,0.04807277765097448
0.5833333333333334,68.3526706386537,0.3427083333333333,49.85802169337866,9.669200323516861,0.05149837056084281
0.6041666666666666,69.65924532246262,0.3427083333333333,49.85802169337866,10.316417673355488,0.05468321431089053
0.625,60.55214723926381,0.3427083333333333,49.85802169337866,5.67877302114772,0.031147938303085484
0.6458333333333333,72.17627184091128,0.3427083333333333,49.85802169337866,11.541394664478617,0.06062591154642442
0.6666666666666666,73.38295202239598,0.3427083333333333,49.85802169337866,12.126978773876374,0.06342890170838465
0.6875,74.56697298802561,0.3427083333333333,49.85802169337866,12.692389060089738,0.06610820506375656
0.7083333333333333,75.72728116587766,0.3427083333333333,49.85802169337866,13.236687513003403,0.06866140117079476
0.7291666666666666,76.85405501964988,0.3427083333333333,49.85802169337866,13.770476901067411,0.07115104225762642
0.75,77.97052518756699,0.3427083333333333,49.85802169337866,14.301037295978574,0.07360832380264287
0.7708333333333333,79.04661162710698,0.3427083333333333,49.85802169337866,14.807134391845636,0.07593392325621866
0.7916666666666666,80.11710144927537,0.3427083333333333,49.85802169337866,15.309276041034991,0.07822434301405772
0.8125,81.15229813664597,0.3427083333333333,49.85802169337866,15.785607041435469,0.08038016920084358
0.8333333333333333,82.18071519795657,0.3427083333333333,49.85802169337866,16.258811360649815,0.0825071766410974
0.8541666666666666,83.17848020434228,0.3427083333333333,49.85802169337866,16.717879324465912,0.0845568084591112
0.875,84.16989843028624,0.3427083333333333,49.85802169337866,17.172321245934427,0.08657219208651737
0.8958333333333333,85.13173284087411,0.3427083333333333,49.85802169337866,17.6052001113149,0.08847826115020592
0.9166666666666666,86.09025458324055,0.3427083333333333,49.85802169337866,18.036133068116953,0.09036392466369943
0.9375,87.01803607214428,0.3427083333333333,49.85802169337866,18.44900876143288,0.0921588346666414
0.9583333333333333,87.94581756104802,0.3427083333333333,49.85802169337866,18.861884454748747,0.09394314771567629
0.9791666666666666,88.84282133906194,0.3427083333333333,49.85802169337866,19.26621171171257,0.09568787135687308
1.0,89.73791621911923,0.3427083333333333,49.85802169337866,19.670008776787085,0.0974210538148787
0.5,62.74076704545455,0.35843749999999996,51.32167670217693,6.005008228182419,0.03302643053020869
0.5208333333333334,64.21132675065259,0.35843749999999996,51.32167670217693,6.745988300241436,0.036893239679451274
0.5416666666666666,65.63000794461468,0.35843749999999996,51.32167670217693,7.4547171781210295,0.04055078891682648
0.5625,67.00620712185561,0.35843749999999996,51.32167670217693,8.15851750162983,0.04414974124098869
0.5833333333333334,68.3526706386537,0.35843749999999996,51.32167670217693,8.845476183611424,0.047626751715012676
0.6041666666666666,69.65924532246262,0.35843749999999996,51.32167670217693,9.491584846735634,0.05085900700974206
0.625,60.55214723926381,0.35843749999999996,51.32167670217693,4.861756782660052,0.026967238897953025
0.6458333333333333,72.17627184091128,0.35843749999999996,51.32167670217693,10.714429417847896,0.05688926179661916
0.6666666666666666,73.38295202239598,0.35843749999999996,51.32167670217693,11.298993127337894,0.05973314591949393
0.6875,74.56697298802561,0.35843749999999996,51.32167670217693,11.863361282286803,0.062451254982036325
0.7083333333333333,75.72728116587766,0.35843749999999996,51.32167670217693,12.406594862149177,0.06504115976392963
0.7291666666666666,76.85405501964988,0.35843749999999996,51.32167670217693,12.939414385801854,0.06756644141149123
0.75,77.97052518756699,0.35843749999999996,51.32167670217693,13.469034108456299,0.07005871382196072
0.7708333333333333,79.04661162710698,0.35843749999999996,51.32167670217693,13.97422622322415,0.07241724223966704
0.7916666666666666,80.11710144927537,0.35843749999999996,51.32167670217693,14.475467837607368,0.07473991261809669
0.8125,81.15229813664597,0.35843749999999996,51.32167670217693,14.950929995290323,0.07692592620827549
0.8333333333333333,82.18071519795657,0.35843749999999996,51.32167670217693,15.423271463623678,0.07908256296137971
0.8541666666666666,83.17848020434228,0.35843749999999996,51.32167670217693,15.881503666858919,0.08116060609067076
0.875,84.16989843028624,0.35843749999999996,51.32167670217693,16.33511543703395,0.08320378489377886
0.8958333333333333,85.13173284087411,0.35843749999999996,51.32167670217693,16.767190297310492,0.08513600769230038
0.9166666666666666,86.09025458324055,0.35843749999999996,51.32167670217693,17.19732217674624,0.08704742160482556
0.9375,87.01803607214428,0.35843749999999996,51.32167670217693,17.60942396094589,0.08886672863757972
0.9583333333333333,87.94581756104802,0.35843749999999996,51.32167670217693,18.02152574514554,0.09067518404027955
0.9791666666666666,88.84282133906194,0.35843749999999996,51.32167670217693,18.425168368171455,0.09244349224961022
1.0,89.73791621911923,0.35843749999999996,51.32167670217693,18.828286336341364,0.0942000075160315
0.5,62.74076704545455,0.37416666666666665,52.743952802359885,5.227653062786715,0.029066997649257215
0.5208333333333334,64.21132675065259,0.37416666666666665,52.743952802359885,5.9674196850021985,0.032991819698800065
0.5416666666666666,65.63000794461468,0.37416666666666665,52.743952802359885,6.674979434505303,0.03670379972770905
0.5625,67.00620712185561,0.37416666666666665,52.743952802359885,7.377718559616824,0.04035593918407197
0.5833333333333334,68.3526706386537,0.37416666666666665,52.743952802359885,8.063640563500826,0.04388394765790953
0.6041666666666666,69.65924532246262,0.37416666666666665,52.743952802359885,8.708675874416599,0.04716321688959523
0.625,60.55214723926381,0.37416666666666665,52.743952802359885,4.086402137594746,0.022917639800411945
0.6458333333333333,72.17627184091128,0.37416666666666665,52.743952802359885,9.929455861928659,0.05328026671505676
0.6666666666666666,73.38295202239598,0.37416666666666665,52.743952802359885,10.513031562270442,0.05616467592782532
0.6875,74.56697298802561,0.37416666666666665,52.743952802359885,11.076390701302785,0.058921232765856084
0.7083333333333333,75.72728116587766,0.37416666666666665,52.743952802359885,11.618593281741482,0.061547500201400034
0.7291666666666666,76.85405501964988,0.37416666666666665,52.743952802359885,12.150473646737453,0.06410808022198876
0.75,77.97052518756699,0.37416666666666665,52.743952802359885,12.679182429536183,0.06663500148862059
0.7708333333333333,79.04661162710698,0.37416666666666665,52.743952802359885,13.183498105555827,0.069026131008581
0.7916666666666666,80.11710144927537,0.37416666666666665,52.743952802359885,13.683868062559498,0.0713807254913111
0.8125,81.15229813664597,0.37416666666666665,52.743952802359885,14.158488714913915,0.07359661549883749
0.8333333333333333,82.18071519795657,0.37416666666666665,52.743952802359885,14.629994469969688,0.07578257167468085
0.8541666666666666,83.17848020434228,0.37416666666666665,52.743952802359885,15.087417146955545,0.07788872443709413
0.875,84.16989843028624,0.37416666666666665,52.743952802359885,15.540224813138309,0.07995939904125761
0.8958333333333333,85.13173284087411,0.37416666666666665,52.743952802359885,15.97152084381986,0.08191748958721858
0.9166666666666666,86.09025458324055,0.37416666666666665,52.743952802359885,16.40087672377871,0.08385436866076128
0.9375,87.01803607214428,0.37416666666666665,52.743952802359885,16.812228770880722,0.08569779873423812
0.9583333333333333,87.94581756104802,0.37416666666666665,52.743952802359885,17.223580817982622,0.08753012212728133
0.9791666666666666,88.84282133906194,0.37416666666666665,52.743952802359885,17.626560002387635,0.08932174481898383
1.0,89.73791621911923,0.37416666666666665,52.743952802359885,18.0290198843486,0.09110132280892291
0.5,62.74076704545455,0.38989583333333333,54.12988019732206,4.48563728966019,0.025211309418962442
0.5208333333333334,64.21132675065259,0.38989583333333333,54.12988019732206,5.224220266594045,0.029193904908988762
0.5416666666666666,65.63000794461468,0.38989583333333333,54.12988019732206,5.930639544034705,0.032960077432315334
0.5625,67.00620712185561,0.38989583333333333,54.12988019732206,6.632343330892525,0.03666515916562109
0.5833333333333334,68.3526706386537,0.38989583333333333,54.12988019732206,7.31725388156849,0.04024391916490914
0.6041666666666666,69.65924532246262,0.38989583333333333,54.12988019732206,7.961242015291418,0.04356996366747993
0.625,60.55214723926381,0.38989583333333333,54.12988019732206,3.3463252611658163,0.01897207375189025
0.6458333333333333,72.17627184091128,0.38989583333333333,54.12988019732206,9.180007641708528,0.04977334013868832
0.6666666666666666,73.38295202239598,0.38989583333333333,54.12988019732206,9.762619296912362,0.05269804335850814
0.6875,74.56697298802561,0.38989583333333333,54.12988019732206,10.324993928266395,0.05549282050352973
0.7083333333333333,75.72728116587766,0.38989583333333333,54.12988019732206,10.866190587051904,0.05815522763455243
0.7291666666666666,76.85405501964988,0.38989583333333333,54.12988019732206,11.397154491818924,0.06075088426963618
0.75,77.97052518756699,0.38989583333333333,54.12988019732206,11.924974302117732,0.06331223106116482
0.7708333333333333,79.04661162710698,0.38989583333333333,54.12988019732206,12.42843461291551,0.06573574564859284
0.7916666666666666,80.11710144927537,0.38989583333333333,54.12988019732206,12.927953862193988,0.06812204742150543
0.8125,81.15229813664597,0.38989583333333333,54.12988019732206,13.401753177716898,0.07036760559642105
0.8333333333333333,82.18071519795657,0.38989583333333333,54.12988019732206,13.87244323793584,0.07258267231940863
0.8541666666666666,83.17848020434228,0.38989583333333333,54.12988019732206,14.329075728679072,0.07471673008214816
0.875,84.16989843028624,0.38989583333333333,54.12988019732206,14.781098490400382,0.07681469618948861
0.8958333333333333,85.13173284087411,0.38989583333333333,54.12988019732206,15.211634236227098,0.0787984579953211
0.9166666666666666,86.09025458324055,0.38989583333333333,54.12988019732206,15.640232588128754,0.0807606052482116
0.9375,87.01803607214428,0.38989583333333333,54.12988019732206,16.050852689166277,0.08262796807568713
0.9583333333333333,87.94581756104802,0.38989583333333333,54.12988019732206,16.4614727902038,0.08448396805347828
0.9791666666666666,88.84282133906194,0.38989583333333333,54.12988019732206,16.863804091263773,0.08629871695578234
1.0,89.73791621911923,0.38989583333333333,54.12988019732206,17.265621303625096,0.08810116868786232
0.5,62.74076704545455,0.40562499999999996,55.460042283298094,3.769339995146481,0.02140937034632418
0.5208333333333334,64.21132675065259,0.40562499999999996,55.460042283298094,4.506771971825515,0.02544937842018603
0.5416666666666666,65.63000794461468,0.40562499999999996,55.460042283298094,5.212082124981919,0.029269395546626508
0.5625,67.00620712185561,0.40562499999999996,55.460042283298094,5.912778762351991,0.033027062537353595
0.5833333333333334,68.3526706386537,0.40562499999999996,55.460042283298094,6.596705330899283,0.0366562232994314
0.6041666666666666,69.65924532246262,0.40562499999999996,55.460042283298094,7.239674831926379,0.0400287194482089
0.625,60.55214723926381,0.40562499999999996,55.460042283298094,2.6318910806934923,0.015080698236792514
0.6458333333333333,72.17627184091128,0.40562499999999996,55.460042283298094,8.45648078264145,0.04631780772134404
0.6666666666666666,73.38295202239598,0.40562499999999996,55.460042283298094,9.038154439290963,0.04928250907036368
0.6875,74.56697298802561,0.40562499999999996,55.460042283298094,9.599571224399199,0.05211522445084559
0.7083333333333333,75.72728116587766,0.40562499999999996,55.460042283298094,10.139789266401237,0.05481350382815853
0.7291666666666666,76.85405501964988,0.40562499999999996,55.460042283298094,10.669861327713761,0.057443967821326436
0.75,77.97052518756699,0.40562499999999996,55.460042283298094,11.196815956348303,0.06003947011312778
0.7708333333333333,79.04661162710698,0.40562499999999996,55.460042283298094,11.69944368294415,0.06249511202608218
0.7916666666666666,80.11710144927537,0.40562499999999996,55.460042283298094,12.198134865570921,0.06491286525784089
0.8125,81.15229813664597,0.40562499999999996,55.460042283298094,12.671134602813027,0.06718784945717046
0.8333333333333333,82.18071519795657,0.40562499999999996,55.460042283298094,13.141030557217732,0.06943178601882298
0.8541666666666666,83.17848020434228,0.40562499999999996,55.460042283298094,13.59689368427047,0.07159351481375159
0.875,84.16989843028624,0.40562499999999996,55.460042283298094,14.04815220537779,0.07371854097510619
0.8958333333333333,85.13173284087411,0.40562499999999996,55.460042283298094,14.477947590438873,0.07572775420329557
0.9166666666666666,86.09025458324055,0.40562499999999996,55.460042283298094,14.905808255537409,0.07771495090688632
0.9375,87.01803607214428,0.40562499999999996,55.460042283298094,15.315715483088752,0.07960603711916014
0.9583333333333333,87.94581756104802,0.40562499999999996,55.460042283298094,15.725622710640039,0.0814855044809507
0.9791666666666666,88.84282133906194,0.40562499999999996,55.460042283298094,16.127322675055495,0.0833231687431064
1.0,89.73791621911923,0.40562499999999996,55.460042283298094,16.52851360785769,0.08514828348449664
0.5,62.74076704545455,0.42135416666666664,56.755694837579185,3.0811093906550013,0.01768278711563458
0.5208333333333334,64.21132675065259,0.42135416666666664,56.755694837579185,3.8174378461455376,0.021780218515100338
0.5416666666666666,65.63000794461468,0.42135416666666664,56.755694837579185,4.521684598932211,0.0256540801194509
0.5625,67.00620712185561,0.42135416666666664,56.755694837579185,5.221415536650284,0.02946431024463694
0.5833333333333334,68.3526706386537,0.42135416666666664,56.755694837579185,5.904398601888772,0.03314384094458155
0.6041666666666666,69.65924532246262,0.42135416666666664,56.755694837579185,6.54639140135248,0.03656276267637743
0.625,60.55214723926381,0.42135416666666664,56.755694837579185,1.945440923886622,0.01126460715526644
0.6458333333333333,72.17627184091128,0.42135416666666664,56.755694837579185,7.76131828660624,0.04293749603124134
0.6666666666666666,73.38295202239598,0.42135416666666664,56.755694837579185,8.3420924962075,0.04594215448092493
0.6875,74.56697298802561,0.42135416666666664,56.755694837579185,8.902590818454257,0.04881276902210517
0.7083333333333333,75.72728116587766,0.42135416666666664,56.755694837579185,9.441870497614616,0.05154688446364108
0.7291666666666666,76.85405501964988,0.42135416666666664,56.755694837579185,9.971087332475577,0.05421210809786495
0.75,77.97052518756699,0.42135416666666664,56.755694837579185,10.497212278971006,0.05684171189683001
0.7708333333333333,79.04661162710698,0.42135416666666664,56.755694837579185,10.999041554629457,0.05932942659782084
0.7916666666666666,80.11710144927537,0.42135416666666664,56.755694837579185,11.496938614524652,0.061778573909659545
0.8125,81.15229813664597,0.42135416666666664,56.755694837579185,11.969171523370335,0.0640829280069195
0.8333333333333333,82.18071519795657,0.42135416666666664,56.755694837579185,12.438305892477103,0.06635567571696027
0.8541666666666666,83.17848020434228,0.42135416666666664,56.755694837579185,12.893431139336712,0.06854501575305104
0.875,84.16989843028624,0.42135416666666664,56.755694837579185,13.343956688603612,0.0706970405386034
0.8958333333333333,85.13173284087411,0.42135416666666664,56.755694837579185,13.773041980794119,0.07273164561444662
0.9166666666666666,86.09025458324055,0.42135416666666664,56.755694837579185,14.200195114910684,0.0747438304062912
0.9375,87.01803607214428,0.42135416666666664,56.755694837579185,14.609418584794128,0.07665857981490365
0.9583333333333333,87.94581756104802,0.42135416666666664,56.755694837579185,15.018642054677514,0.07856145254955069
0.9791666666666666,88.84282133906194,0.42135416666666664,56.755694837579185,15.41973638080566,0.0804219627533207
1.0,89.73791621911923,0.42135416666666664,56.755694837579185,15.820326520447566,0.0822696691659157
0.5,62.74076704545455,0.4370833333333333,58.0259953309357,2.4136252538396548,0.013995343750205162
0.5208333333333334,64.21132675065259,0.4370833333333333,58.0259953309357,3.1488795307878945,0.018150559319278257
0.5416666666666666,65.63000794461468,0.4370833333333333,58.0259953309357,3.852091132131136,0.022078593346787957
0.5625,67.00620712185561,0.4370833333333333,58.0259953309357,4.550881955737566,0.025941688000310745
0.5833333333333334,68.3526706386537,0.4370833333333333,58.0259953309357,5.232946498120896,0.02967186788712834
0.6041666666666666,69.65924532246262,0.4370833333333333,58.0259953309357,5.873988481480922,0.033137471904303745
0.625,60.55214723926381,0.4370833333333333,58.0259953309357,1.2796842581750525,0.007487046432248164
0.6458333333333333,72.17627184091128,0.4370833333333333,58.0259953309357,7.0870860456994365,0.03959830438784485
0.6666666666666666,73.38295202239598,0.4370833333333333,58.0259953309357,7.666984587703439,0.04264312191233083
0.6875,74.56697298802561,0.4370833333333333,58.0259953309357,8.226588744923106,0.0455518253538307
0.7083333333333333,75.72728116587766,0.4370833333333333,58.0259953309357,8.76495490156276,0.04832195521063382
0.7291666666666666,76.85405501964988,0.4370833333333333,58.0259953309357,9.293339083940566,0.051022101126900074
0.75,77.97052518756699,0.4370833333333333,58.0259953309357,9.818656225910388,0.053685959546505284
0.7708333333333333,79.04661162710698,0.4370833333333333,58.0259953309357,10.319708076861957,0.056205887102043536
0.7916666666666666,80.11710144927537,0.4370833333333333,58.0259953309357,10.816831922266203,0.058686561572298235
0.8125,81.15229813664597,0.4370833333333333,58.0259953309357,11.288318166894612,0.06102040721657998
0.8333333333333333,82.18071519795657,0.4370833333333333,58.0259953309357,11.756710971952373,0.06332208181578647
0.8541666666666666,83.17848020434228,0.4370833333333333,58.0259953309357,12.211117713650879,0.0655391405421787
0.875,84.16989843028624,0.4370833333333333,58.0259953309357,12.660929532304522,0.06771826599860675
0.8958333333333333,85.13173284087411,0.4370833333333333,58.0259953309357,13.089323349156018,0.06977835674519689
0.9166666666666666,86.09025458324055,0.4370833333333333,58.0259953309357,13.515787499983105,0.07181561922506534
0.9375,87.01803607214428,0.4370833333333333,58.0259953309357,13.924345111815114,0.07375411444591293
0.9583333333333333,87.94581756104802,0.4370833333333333,58.0259953309357,14.332902723647067,0.07568047181101542
0.9791666666666666,88.84282133906194,0.4370833333333333,58.0259953309357,14.73340718151843,0.07756389857570464
1.0,89.73791621911923,0.4370833333333333,58.0259953309357,15.13341216594955,0.07943426396349244
0.5,62.74076704545455,0.45281249999999995,59.21692220329358,1.7991272703121695,0.010535091929828884
0.5208333333333334,64.21132675065259,0.45281249999999995,59.21692220329358,2.5333736199643226,0.014745872913685646
0.5416666666666666,65.63000794461468,0.45281249999999995,59.21692220329358,3.2356138145551085,0.018725985997540755
0.5625,67.00620712185561,0.45281249999999995,59.21692220329358,3.9335221648707375,0.02263988931022734
0.5833333333333334,68.3526706386537,0.45281249999999995,59.21692220329358,4.6147244384990245,0.026418737283024022
0.6041666666666666,69.65924532246262,0.45281249999999995,59.21692220329358,5.254873933922511,0.02992918766399274
0.625,60.55214723926381,0.45281249999999995,59.21692220329358,0.6667863633157367,0.003939991504888289
0.6458333333333333,72.17627184091128,0.45281249999999995,59.21692220329358,6.466254189180802,0.03647270625748915
0.6666666666666666,73.38295202239598,0.45281249999999995,59.21692220329358,7.0453305652648055,0.03955607876890766
0.6875,74.56697298802561,0.45281249999999995,59.21692220329358,7.604095247151065,0.042501342388763706
0.7083333333333333,75.72728116587766,0.45281249999999995,59.21692220329358,8.141603814218627,0.04530603431360313
0.7291666666666666,76.85405501964988,0.45281249999999995,59.21692220329358,8.669206083100732,0.048039687942147614
0.75,77.97052518756699,0.45281249999999995,59.21692220329358,9.19376456364688,0.050736407698195395
0.7708333333333333,79.04661162710698,0.45281249999999995,59.21692220329358,9.69408618181842,0.05328723201093863
0.7916666666666666,80.11710144927537,0.45281249999999995,59.21692220329358,10.190483734253291,0.055798140512680075
0.8125,81.15229813664597,0.45281249999999995,59.21692220329358,10.66126853096722,0.05816026281370461
0.8333333333333333,82.18071519795657,0.45281249999999995,59.21692220329358,11.128964660715326,0.06048966832999508
0.8541666666666666,83.17848020434228,0.45281249999999995,59.21692220329358,11.582696305011552,0.06273329533005297
0.875,84.16989843028624,0.45281249999999995,59.21692220329358,12.031837494160357,0.06493839272451099
0.8958333333333333,85.13173284087411,0.45281249999999995,59.21692220329358,12.459581507413304,0.06702290343804425
0.9166666666666666,86.09025458324055,0.45281249999999995,59.21692220329358,12.88539818663719,0.06908419156349269
0.9375,87.01803607214428,0.45281249999999995,59.21692220329358,13.29332996686179,0.07104543271529212
0.9583333333333333,87.94581756104802,0.45281249999999995,59.21692220329358,13.701261747086278,0.07299428285360013
0.9791666666666666,88.84282133906194,0.45281249999999995,59.21692220329358,14.101211482622489,0.07489965595470244
1.0,89.73791621911923,0.45281249999999995,59.21692220329358,14.50066615506421,0.07679171832343991
0.5,62.74076704545455,0.46854166666666663,60.407849075651455,1.1861673160691453,0.007014996706613061
0.5208333333333334,64.21132675065259,0.46854166666666663,60.407849075651455,1.9193878106331113,0.011282701690028062
0.5416666666666666,65.63000794461468,0.46854166666666663,60.407849075651455,2.6206393031372386,0.015316156920114642
0.5625,67.00620712185561,0.46854166666666663,60.407849075651455,3.3176494249657935,0.019282091943823486
0.5833333333333334,68.3526706386537,0.46854166666666663,60.407849075651455,3.997974024542202,0.023110770713757445
0.6041666666666666,69.65924532246262,0.46854166666666663,60.407849075651455,4.637215103400706,0.02666713052226583
0.625,60.55214723926381,0.46854166666666663,60.407849075651455,0.05545137202159367,0.00033095189710322445
0.6458333333333333,72.17627184091128,0.46854166666666663,60.407849075651455,5.846847364288408,0.03329527480255754
0.6666666666666666,73.38295202239598,0.46854166666666663,60.407849075651455,6.425086863651131,0.03641809757577553
0.6875,74.56697298802561,0.46854166666666663,60.407849075651455,6.982997059640638,0.03940076435556895
0.7083333333333333,75.72728116587766,0.46854166666666663,60.407849075651455,7.519632712872806,0.042240809626525565
0.7291666666666666,76.85405501964988,0.46854166666666663,60.407849075651455,8.04643905454418,0.045008734190414956
0.75,77.97052518756699,0.46854166666666663,60.407849075651455,8.570225262627957,0.047739059593995284
0.7708333333333333,79.04661162710698,0.46854166666666663,60.407849075651455,9.069803529304295,0.050321476338570904
0.7916666666666666,80.11710144927537,0.46854166666666663,60.407849075651455,9.565461738283659,0.05286329576973196
0.8125,81.15229813664597,0.46854166666666663,60.407849075651455,10.035532466860445,0.05525432412857133
0.8333333333333333,82.18071519795657,0.46854166666666663,60.407849075651455,10.502519383727474,0.05761207453239132
0.8541666666666666,83.17848020434228,0.46854166666666663,60.407849075651455,10.955563766733292,0.05988285497296895
0.875,84.16989843028624,0.46854166666666663,60.407849075651455,11.40402223986365,0.06211449336531743
0.8958333333333333,85.13173284087411,0.46854166666666663,60.407849075651455,11.831104723664737,0.06422395621154846
0.9166666666666666,86.09025458324055,0.46854166666666663,60.407849075651455,12.256262245817425,0.066309790993015
0.9375,87.01803607214428,0.46854166666666663,60.407849075651455,12.663556883724993,0.06829426886281205
0.9583333333333333,87.94581756104802,0.46854166666666663,60.407849075651455,13.070851521632676,0.07026609483306448
0.9791666666666666,88.84282133906194,0.46854166666666663,60.407849075651455,13.470236455585109,0.07219388471529123
1.0,89.73791621911923,0.46854166666666663,60.407849075651455,13.869130813166635,0.07410810719251264
0.5,62.74076704545455,0.4842708333333333,61.59877594800933,0.5747867730464122,0.0034334961822892985
0.5208333333333334,64.21132675065259,0.4842708333333333,61.59877594800933,1.3069630149556701,0.007759531321251786
0.5416666666666666,65.63000794461468,0.4842708333333333,61.59877594800933,2.0072080568372144,0.011847635660475442
0.5625,67.00620712185561,0.4842708333333333,61.59877594800933,2.70330378213788,0.015866867612659874
0.5833333333333334,68.3526706386537,0.4842708333333333,61.59877594800933,3.382734898690103,0.019746579675395528
0.6041666666666666,69.65924532246262,0.4842708333333333,61.59877594800933,4.021051214966008,0.02334994806651924
0.625,60.55214723926381,0.4842708333333333,61.59877594800933,-0.5542786819734715,-0.003341709972128684
0.6458333333333333,72.17627184091128,0.4842708333333333,61.59877594800933,5.228903992001335,0.030064722771793388
0.6666666666666666,73.38295202239598,0.4842708333333333,61.59877594800933,5.806291518364333,0.03322792085457243
0.6875,74.56697298802561,0.4842708333333333,61.59877594800933,6.363331824561669,0.03624886161076789
0.7083333333333333,75.72728116587766,0.4842708333333333,61.59877594800933,6.899078838142714,0.0391250774466201
0.7291666666666666,76.85405501964988,0.4842708333333333,61.59877594800933,7.425074871677225,0.0419280610622322
0.75,77.97052518756699,0.4842708333333333,61.59877594800933,7.948074839600281,0.04469276056422699
0.7708333333333333,79.04661162710698,0.4842708333333333,61.59877594800933,8.446896292307372,0.04730748784248817
0.7916666666666666,80.11710144927537,0.4842708333333333,61.59877594800933,8.941801765374123,0.04988091679779484
0.8125,81.15229813664597,0.4842708333333333,61.59877594800933,9.411145474894568,0.05230150067061069
0.8333333333333333,82.18071519795657,0.4842708333333333,61.59877594800933,9.877410312778409,0.05468822939017491
0.8541666666666666,83.17848020434228,0.4842708333333333,61.59877594800933,10.32975495186696,0.05698676688483629
0.875,84.16989843028624,0.4842708333333333,61.59877594800933,10.777518305753915,0.05924553317885467
0.8958333333333333,85.13173284087411,0.4842708333333333,61.59877594800933,11.203927226989265,0.061380496917981926
0.9166666666666666,86.09025458324055,0.4842708333333333,61.59877594800933,11.628413600399938,0.06349141553124284
0.9375,87.01803607214428,0.4842708333333333,61.59877594800933,12.035059488898753,0.06549963605515609
0.9583333333333333,87.94581756104802,0.4842708333333333,61.59877594800933,12.441705377397398,0.06749493575528802
0.9791666666666666,88.84282133906194,0.4842708333333333,61.59877594800933,12.840515166404089,0.0694456272908657
1.0,89.73791621911923,0.4842708333333333,61.59877594800933,13.238838944142401,0.07138248714576739
0.5,62.74076704545455,0.5,62.74076704545455,0.0,0.0
0.5208333333333334,64.21132675065259,0.5,62.74076704545455,0.7311977365562257,0.004383402822037787
0.5416666666666666,65.63000794461468,0.5,62.74076704545455,1.4304996616729682,0.008525243240118746
0.5625,67.00620712185561,0.5,62.74076704545455,2.1257384471755927,0.012596859144953797
0.5833333333333334,68.3526706386537,0.5,62.74076704545455,2.8043322022252823,0.016526719792380806
0.6041666666666666,69.65924532246262,0.5,62.74076704545455,3.441781874461583,0.020176282919377304
0.625,60.55214723926381,0.5,62.74076704545455,-1.1275258738892262,-0.00686493606473417
0.6458333333333333,72.17627184091128,0.5,62.74076704545455,4.647966932992858,0.026976167338706596
